name,kills per game,deaths per game,assists per game,kda,dmg/min,cs/min,gold/min,dmg/gold,games
Retrodonte,13.932148626817447,10.97253634894992,20.108239095315025,3.102326266195524,1708.8675464165788,2.901036056016732,721.489053291934,2.3685287235052814,619
impall,5.152838427947598,8.62882096069869,22.021834061135372,3.1492914979757085,813.4013470887683,1.9004986518702045,603.4691179379339,1.3478756789878112,229
Nakkël,9.43,11.245,22.72,2.8590484659848823,1215.4800955414012,2.220859872611465,656.8490445859873,1.8504709804480568,200
Røku,10.331460674157304,10.679775280898877,18.769662921348313,2.724881641241452,1262.13492974687,2.4497020392542783,656.659149308403,1.9220548911503896,356
Yone Biden,12.47985347985348,9.428571428571429,19.615384615384617,3.404040404040404,1307.9521753335623,1.557833761600748,682.7289023108776,1.9157709171333601,273
FOLININPISIS,7.0875,9.219642857142857,19.8,2.916327716443928,854.4473012170431,1.891684479342355,628.6602989060923,1.3591558154759162,560
Sikkario,7.401015228426396,7.817258883248731,23.944162436548222,4.009740259740259,967.8636909185603,1.8645432105881836,637.5144364682168,1.518183174455553,394
Braelan,9.295566502463053,9.12807881773399,22.36945812807882,3.4689692390717757,1319.8618522826746,2.2748803799062216,646.7821894974155,2.0406589323498197,203
ryoth2,10.528301886792454,9.632075471698114,20.764150943396228,3.248775710088149,1409.0825439783496,2.8491011018751218,689.0393968683551,2.0449956132879334,106
